{
   "dashboards": [{
      "autoswitchEnabled": false,
      "columnCount": 1,
      "columnProportion": "1",
      "creationTime": 1575398355696,
      "dashboardNavigations": {},
      "description": "",
      "disabled": false,
      "gridsterMaxColumns": 12,
      "hidden": true,
      "homeTab": false,
      "id": "1a1478c5-b019-4ba9-a0ea-9962a561da6c",
      "importAttempts": 0,
      "importComplete": true,
      "isDefault": false,
      "locked": false,
      "name": "vRealize Automation Project Price per Month",
      "namePath": "vRealize Automation 8.x",
      "rank": 12,
      "shared": false,
      "states": [],
      "temporary": false,
      "userId": "6df558f7-25df-4222-96b9-ade784399d19",
      "widgetInteractions": [
         {
            "type": "resourceId",
            "widgetIdProvider": "b3c13a53-b44a-4bb7-981e-bfb4f0d9dfc9",
            "widgetIdReceiver": "a7b7fb92-8caf-4c5e-9d93-df6354ae7f00"
         },
         {
            "type": "resourceId",
            "widgetIdProvider": "b3c13a53-b44a-4bb7-981e-bfb4f0d9dfc9",
            "widgetIdReceiver": "4f91d94d-7bb2-40b1-9695-894627de4901"
         },
         {
            "type": "resourceId",
            "widgetIdProvider": "a7b7fb92-8caf-4c5e-9d93-df6354ae7f00",
            "widgetIdReceiver": "e5d7e666-aecc-4cfd-b971-056ec222a4f9"
         }
      ],
      "widgets": [
         {
            "collapsed": false,
            "config": {
               "chartViewItems": [],
               "isUpdatedView": true,
               "refreshContent": {"refreshContent": true},
               "refreshInterval": 300,
               "resource": null,
               "selectFirstRow": {"selectFirstRow": true},
               "selfProvider": {"selfProvider": false},
               "title": "Deployment Month to Date Price for Selected Project",
               "traversalSpecId": "CAS Shauna Path View-CASAdapter-Project",
               "viewDefinitionId": "69378f8d-7082-419b-93a8-59828bb5626e"
            },
            "gridsterCoords": {
               "h": 8,
               "w": 8,
               "x": 1,
               "y": 9
            },
            "height": 438,
            "id": "a7b7fb92-8caf-4c5e-9d93-df6354ae7f00",
            "states": [{
               "key": "perm_toolbarVisible_widget_1a1478c5-b019-4ba9-a0ea-9962a561da6c_a7b7fb92-8caf-4c5e-9d93-df6354ae7f00",
               "value": "b%3A0"
            }],
            "title": "Deployment Month to Date Price for Selected Project",
            "type": "View"
         },
         {
            "collapsed": false,
            "config": {
               "chartViewItems": [],
               "isUpdatedView": true,
               "refreshContent": {"refreshContent": true},
               "refreshInterval": 300,
               "resource": {
                  "id": "Ext.vcops.chrome.model.Resource-11",
                  "resourceId": "resource:id:0_::_",
                  "resourceKindId": "002010CASAdapterCAS World",
                  "resourceName": "CAS World",
                  "traversalSpecId": ""
               },
               "selectFirstRow": {"selectFirstRow": true},
               "selfProvider": {"selfProvider": true},
               "title": "Project Month to Date Price",
               "traversalSpecId": null,
               "viewDefinitionId": "43d5704f-44db-4545-bec0-7fb0bfc71135"
            },
            "gridsterCoords": {
               "h": 8,
               "w": 8,
               "x": 1,
               "y": 1
            },
            "height": 438,
            "id": "b3c13a53-b44a-4bb7-981e-bfb4f0d9dfc9",
            "title": "Project Month to Date Price",
            "type": "View"
         },
         {
            "collapsed": false,
            "config": {
               "chartViewItems": [],
               "isUpdatedView": true,
               "refreshContent": {"refreshContent": false},
               "refreshInterval": 300,
               "resource": null,
               "selectFirstRow": {"selectFirstRow": false},
               "selfProvider": {"selfProvider": false},
               "title": "Project Price per Month for Selected Project",
               "traversalSpecId": "",
               "viewDefinitionId": "197ac11e-5288-4371-9b0c-96b5a82fab6e"
            },
            "gridsterCoords": {
               "h": 8,
               "w": 4,
               "x": 9,
               "y": 1
            },
            "height": 438,
            "id": "4f91d94d-7bb2-40b1-9695-894627de4901",
            "title": "Project Price per Month for Selected Project",
            "type": "View"
         },
         {
            "collapsed": false,
            "config": {
               "chartViewItems": [],
               "isUpdatedView": true,
               "refreshContent": {"refreshContent": false},
               "refreshInterval": 300,
               "resource": null,
               "selectFirstRow": {"selectFirstRow": false},
               "selfProvider": {"selfProvider": false},
               "title": "Deployment Price per Month for Selected Deployment",
               "traversalSpecId": "",
               "viewDefinitionId": "33d9f289-ad5f-4a74-ac6f-69065c3c1a04"
            },
            "gridsterCoords": {
               "h": 8,
               "w": 4,
               "x": 9,
               "y": 9
            },
            "height": 438,
            "id": "e5d7e666-aecc-4cfd-b971-056ec222a4f9",
            "title": "Deployment Price per Month for Selected Deployment",
            "type": "View"
         }
      ]
   }],
   "entries": {"resource": [{
      "adapterKindKey": "CASAdapter",
      "identifiers": [],
      "internalId": "resource:id:0_::_",
      "name": "CAS World",
      "resourceKindKey": "CAS World"
   }]},
   "uuid": "fdf9cad9-f4e5-4f47-b158-87ff2c4850c0"
}