<?xml version="1.0" encoding="UTF-8" standalone="yes"?>
<Content>
    <Views>
        <ViewDef id="197ac11e-5288-4371-9b0c-96b5a82fab6e">
            <Title>Project Price per Month</Title>
            <Description>CAS Project Price View</Description>
            <SubjectType adapterKind="CASAdapter" resourceKind="Project" type="descendant"/>
            <SubjectType adapterKind="CASAdapter" resourceKind="Project" type="self"/>
            <Usage>dashboard</Usage>
            <Usage>report</Usage>
            <Usage>details</Usage>
            <Usage>content</Usage>
            <Controls>
                <Control id="time-interval-selector_id_417" type="time-interval-selector" visible="false">
                    <Property name="advancedTimeMode" value="false"/>
                    <Property name="unit" value="YEARS"/>
                    <Property name="count" value="5"/>
                </Control>
                <Control id="attributes-selector_id_418" type="attributes-selector" visible="false">
                    <Property name="attributeInfos">
                        <List>
                            <Item>
<Value>
    <Property name="objectType" value="RESOURCE"/>
    <Property name="attributeKey" value="Interval Breakdown"/>
    <Property name="id" value="extModel26337-1"/>
    <Property name="rollUpCount" value="0"/>
    <Property name="isTimeSegment" value="true"/>
    <Property name="breakdownBy" value="MONTHS"/>
    <Property name="startingOnUnit" value="WEEKS"/>
    <Property name="startingOnCount" value="1"/>
</Value>
                            </Item>
                            <Item>
<Value>
    <Property name="objectType" value="RESOURCE"/>
    <Property name="attributeKey" value="summary|metering|value"/>
    <Property name="id" value="extModel26337-2"/>
    <Property name="isStringAttribute" value="false"/>
    <Property name="adapterKind" value="CASAdapter"/>
    <Property name="resourceKind" value="Project"/>
    <Property name="rollUpType" value="NONE"/>
    <Property name="rollUpCount" value="0"/>
    <Property name="transformations">
        <List>
            <Item value="SUM"/>
        </List>
    </Property>
    <Property name="isProperty" value="false"/>
    <Property name="displayName" value="Total Price"/>
    <Property name="addTimestampAsColumn" value="false"/>
    <Property name="isShowRelativeTimestamp" value="false"/>
</Value>
                            </Item>
                        </List>
                    </Property>
                    <Property name="summaryInfos">
                        <List>
                            <Item>
<Value>
    <Property name="displayName" value="Lifetime Cost"/>
    <Property name="aggregation" value="SUM"/>
    <Property name="attributeIndexes">
        <List>
            <Item value="1"/>
        </List>
    </Property>
</Value>
                            </Item>
                        </List>
                    </Property>
                </Control>
                <Control id="pagination-control_id_419" type="pagination-control" visible="true">
                    <Property name="start" value="0"/>
                    <Property name="size" value="50"/>
                </Control>
                <Control id="metadata_id_420" type="metadata" visible="false">
                    <Property name="maxPointsCount" value="5000"/>
                    <Property name="hideObjectNameColumn" value="false"/>
                    <Property name="listTopResultSize" value="-1"/>
                </Control>
            </Controls>
            <DataProviders>
                <DataProvider dataType="list-view" id="list-view_id_416"/>
            </DataProviders>
            <Presentation type="list"/>
        </ViewDef>
        <ViewDef id="33d9f289-ad5f-4a74-ac6f-69065c3c1a04">
            <Title>Deployment Price per Month</Title>
            <Description>CAS Deployment Price View</Description>
            <SubjectType adapterKind="CASAdapter" resourceKind="Deployment" type="descendant"/>
            <SubjectType adapterKind="CASAdapter" resourceKind="Deployment" type="self"/>
            <Usage>dashboard</Usage>
            <Usage>report</Usage>
            <Usage>details</Usage>
            <Usage>content</Usage>
            <Controls>
                <Control id="time-interval-selector_id_411" type="time-interval-selector" visible="false">
                    <Property name="advancedTimeMode" value="false"/>
                    <Property name="unit" value="YEARS"/>
                    <Property name="count" value="5"/>
                </Control>
                <Control id="attributes-selector_id_412" type="attributes-selector" visible="false">
                    <Property name="attributeInfos">
                        <List>
                            <Item>
<Value>
    <Property name="objectType" value="RESOURCE"/>
    <Property name="attributeKey" value="Interval Breakdown"/>
    <Property name="id" value="extModel27300-1"/>
    <Property name="rollUpCount" value="0"/>
    <Property name="isTimeSegment" value="true"/>
    <Property name="breakdownBy" value="MONTHS"/>
    <Property name="startingOnUnit" value="WEEKS"/>
    <Property name="startingOnCount" value="1"/>
</Value>
                            </Item>
                            <Item>
<Value>
    <Property name="objectType" value="RESOURCE"/>
    <Property name="attributeKey" value="summary|metering|value"/>
    <Property name="id" value="extModel27300-2"/>
    <Property name="isStringAttribute" value="false"/>
    <Property name="adapterKind" value="CASAdapter"/>
    <Property name="resourceKind" value="Deployment"/>
    <Property name="rollUpType" value="NONE"/>
    <Property name="rollUpCount" value="0"/>
    <Property name="transformations">
        <List>
            <Item value="SUM"/>
        </List>
    </Property>
    <Property name="isProperty" value="false"/>
    <Property name="displayName" value="Total Price"/>
    <Property name="addTimestampAsColumn" value="false"/>
    <Property name="isShowRelativeTimestamp" value="false"/>
</Value>
                            </Item>
                        </List>
                    </Property>
                    <Property name="summaryInfos">
                        <List>
                            <Item>
<Value>
    <Property name="displayName" value="Lifetime Cost"/>
    <Property name="aggregation" value="SUM"/>
    <Property name="attributeIndexes">
        <List>
            <Item value="1"/>
        </List>
    </Property>
</Value>
                            </Item>
                        </List>
                    </Property>
                </Control>
                <Control id="pagination-control_id_413" type="pagination-control" visible="true">
                    <Property name="start" value="0"/>
                    <Property name="size" value="50"/>
                </Control>
                <Control id="metadata_id_414" type="metadata" visible="false">
                    <Property name="maxPointsCount" value="5000"/>
                    <Property name="hideObjectNameColumn" value="false"/>
                    <Property name="listTopResultSize" value="-1"/>
                </Control>
            </Controls>
            <DataProviders>
                <DataProvider dataType="list-view" id="list-view_id_410"/>
            </DataProviders>
            <Presentation type="list"/>
        </ViewDef>
    </Views>
</Content>
